{"timestamps":1751533932.5569999218,"X":0.191,"Y":0.031,"Z":-0.997}
{"timestamps":1751533932.6159999371,"X":0.191,"Y":0.029,"Z":-1.0}
{"timestamps":1751533932.6159999371,"X":0.189,"Y":0.029,"Z":-1.004}
{"timestamps":1751533932.6159999371,"X":0.191,"Y":0.029,"Z":-1.001}
{"timestamps":1751533932.6740000248,"X":0.189,"Y":0.033,"Z":-1.0}
{"timestamps":1751533932.6740000248,"X":0.188,"Y":0.033,"Z":-1.001}
{"timestamps":1751533932.6740000248,"X":0.188,"Y":0.034,"Z":-0.999}
{"timestamps":1751533932.7349998951,"X":0.191,"Y":0.031,"Z":-1.0}
{"timestamps":1751533932.7349998951,"X":0.192,"Y":0.029,"Z":-1.004}
{"timestamps":1751533932.7349998951,"X":0.192,"Y":0.03,"Z":-1.005}
{"timestamps":1751533932.7829999924,"X":0.189,"Y":0.034,"Z":-0.999}
{"timestamps":1751533932.7829999924,"X":0.189,"Y":0.034,"Z":-1.004}
{"timestamps":1751533932.7829999924,"X":0.188,"Y":0.031,"Z":-1.001}
{"timestamps":1751533932.8389999866,"X":0.19,"Y":0.032,"Z":-1.001}
{"timestamps":1751533932.8389999866,"X":0.191,"Y":0.029,"Z":-1.004}
{"timestamps":1751533932.8389999866,"X":0.19,"Y":0.03,"Z":-0.997}
{"timestamps":1751533932.9010000229,"X":0.189,"Y":0.035,"Z":-0.998}
{"timestamps":1751533932.9010000229,"X":0.192,"Y":0.033,"Z":-1.0}
{"timestamps":1751533932.9010000229,"X":0.192,"Y":0.028,"Z":-0.999}
{"timestamps":1751533932.9609999657,"X":0.19,"Y":0.032,"Z":-0.999}
{"timestamps":1751533932.9609999657,"X":0.19,"Y":0.03,"Z":-0.998}
{"timestamps":1751533932.9609999657,"X":0.19,"Y":0.033,"Z":-1.0}
{"timestamps":1751533933.0239999294,"X":0.191,"Y":0.031,"Z":-0.997}
{"timestamps":1751533933.0239999294,"X":0.189,"Y":0.026,"Z":-1.003}
{"timestamps":1751533933.0239999294,"X":0.186,"Y":0.031,"Z":-1.003}
{"timestamps":1751533933.0699999332,"X":0.19,"Y":0.032,"Z":-1.001}
{"timestamps":1751533933.0699999332,"X":0.191,"Y":0.032,"Z":-1.001}
{"timestamps":1751533933.0699999332,"X":0.192,"Y":0.031,"Z":-1.002}
{"timestamps":1751533933.138999939,"X":0.188,"Y":0.03,"Z":-1.001}
{"timestamps":1751533933.138999939,"X":0.191,"Y":0.034,"Z":-1.0}
{"timestamps":1751533933.138999939,"X":0.19,"Y":0.03,"Z":-1.001}
{"timestamps":1751533933.1849999428,"X":0.191,"Y":0.028,"Z":-0.998}
{"timestamps":1751533933.1849999428,"X":0.192,"Y":0.032,"Z":-1.001}
{"timestamps":1751533933.1849999428,"X":0.195,"Y":0.03,"Z":-1.002}
{"timestamps":1751533933.2460000515,"X":0.191,"Y":0.03,"Z":-1.001}
{"timestamps":1751533933.2460000515,"X":0.192,"Y":0.035,"Z":-0.998}
{"timestamps":1751533933.2460000515,"X":0.188,"Y":0.033,"Z":-0.999}
{"timestamps":1751533933.3080000877,"X":0.189,"Y":0.031,"Z":-0.999}
{"timestamps":1751533933.3080000877,"X":0.193,"Y":0.032,"Z":-1.002}
{"timestamps":1751533933.3080000877,"X":0.19,"Y":0.027,"Z":-0.999}
{"timestamps":1751533933.3659999371,"X":0.189,"Y":0.032,"Z":-1.001}
{"timestamps":1751533933.3659999371,"X":0.191,"Y":0.034,"Z":-1.001}
{"timestamps":1751533933.3659999371,"X":0.192,"Y":0.03,"Z":-1.0}
{"timestamps":1751533933.4240000248,"X":0.192,"Y":0.029,"Z":-1.001}
{"timestamps":1751533933.4240000248,"X":0.192,"Y":0.033,"Z":-1.002}
{"timestamps":1751533933.4240000248,"X":0.187,"Y":0.029,"Z":-1.005}
{"timestamps":1751533933.4690001011,"X":0.189,"Y":0.026,"Z":-1.003}
{"timestamps":1751533933.4690001011,"X":0.191,"Y":0.032,"Z":-1.002}
{"timestamps":1751533933.4690001011,"X":0.188,"Y":0.035,"Z":-1.002}
{"timestamps":1751533933.5350000858,"X":0.19,"Y":0.031,"Z":-1.001}
{"timestamps":1751533933.5350000858,"X":0.19,"Y":0.031,"Z":-0.999}
{"timestamps":1751533933.5350000858,"X":0.189,"Y":0.031,"Z":-1.0}
{"timestamps":1751533933.5920000076,"X":0.19,"Y":0.034,"Z":-1.003}
{"timestamps":1751533933.5920000076,"X":0.191,"Y":0.03,"Z":-1.007}
{"timestamps":1751533933.5920000076,"X":0.191,"Y":0.032,"Z":-1.002}
{"timestamps":1751533933.6519999504,"X":0.191,"Y":0.032,"Z":-1.001}
{"timestamps":1751533933.6519999504,"X":0.187,"Y":0.032,"Z":-1.002}
{"timestamps":1751533933.6519999504,"X":0.187,"Y":0.033,"Z":-0.999}
{"timestamps":1751533933.7119998932,"X":0.187,"Y":0.028,"Z":-1.001}
{"timestamps":1751533933.7119998932,"X":0.189,"Y":0.031,"Z":-0.998}
{"timestamps":1751533933.7119998932,"X":0.189,"Y":0.03,"Z":-0.999}
{"timestamps":1751533933.7699999809,"X":0.187,"Y":0.034,"Z":-1.001}
{"timestamps":1751533933.7699999809,"X":0.191,"Y":0.033,"Z":-1.005}
{"timestamps":1751533933.7699999809,"X":0.189,"Y":0.029,"Z":-1.004}
{"timestamps":1751533933.8180000782,"X":0.188,"Y":0.031,"Z":-1.005}
{"timestamps":1751533933.8180000782,"X":0.189,"Y":0.032,"Z":-1.001}
{"timestamps":1751533933.8180000782,"X":0.188,"Y":0.03,"Z":-1.004}
{"timestamps":1751533933.8740000725,"X":0.189,"Y":0.029,"Z":-1.001}
{"timestamps":1751533933.8740000725,"X":0.192,"Y":0.028,"Z":-1.0}
{"timestamps":1751533933.8740000725,"X":0.191,"Y":0.029,"Z":-1.001}
{"timestamps":1751533933.9340000153,"X":0.19,"Y":0.03,"Z":-1.001}
{"timestamps":1751533933.9340000153,"X":0.189,"Y":0.032,"Z":-0.999}
{"timestamps":1751533933.9340000153,"X":0.189,"Y":0.032,"Z":-1.001}
{"timestamps":1751533933.9930000305,"X":0.187,"Y":0.03,"Z":-1.0}
{"timestamps":1751533933.9930000305,"X":0.187,"Y":0.03,"Z":-1.002}
{"timestamps":1751533933.9930000305,"X":0.193,"Y":0.031,"Z":-1.002}
{"timestamps":1751533934.0680000782,"X":0.188,"Y":0.03,"Z":-0.999}
{"timestamps":1751533934.0680000782,"X":0.19,"Y":0.029,"Z":-1.003}
{"timestamps":1751533934.0680000782,"X":0.188,"Y":0.033,"Z":-0.999}
{"timestamps":1751533934.1019999981,"X":0.189,"Y":0.031,"Z":-1.002}
{"timestamps":1751533934.1019999981,"X":0.189,"Y":0.032,"Z":-1.0}
{"timestamps":1751533934.1019999981,"X":0.19,"Y":0.03,"Z":-1.0}
{"timestamps":1751533934.1600000858,"X":0.192,"Y":0.034,"Z":-1.004}
{"timestamps":1751533934.1600000858,"X":0.188,"Y":0.034,"Z":-1.0}
{"timestamps":1751533934.1600000858,"X":0.186,"Y":0.032,"Z":-1.0}
{"timestamps":1751533934.2190001011,"X":0.19,"Y":0.033,"Z":-1.001}
{"timestamps":1751533934.2190001011,"X":0.189,"Y":0.029,"Z":-1.0}
{"timestamps":1751533934.2190001011,"X":0.191,"Y":0.036,"Z":-0.998}
{"timestamps":1751533934.2809998989,"X":0.187,"Y":0.034,"Z":-1.003}
{"timestamps":1751533934.2809998989,"X":0.19,"Y":0.032,"Z":-1.004}
{"timestamps":1751533934.2809998989,"X":0.19,"Y":0.029,"Z":-1.001}
{"timestamps":1751533934.3280000687,"X":0.191,"Y":0.031,"Z":-1.001}
{"timestamps":1751533934.3280000687,"X":0.188,"Y":0.026,"Z":-1.002}
{"timestamps":1751533934.3280000687,"X":0.189,"Y":0.035,"Z":-1.001}
{"timestamps":1751533934.385999918,"X":0.191,"Y":0.032,"Z":-1.002}
{"timestamps":1751533934.385999918,"X":0.189,"Y":0.034,"Z":-0.997}
{"timestamps":1751533934.385999918,"X":0.187,"Y":0.029,"Z":-0.997}
{"timestamps":1751533934.4449999332,"X":0.188,"Y":0.031,"Z":-1.0}
{"timestamps":1751533934.4449999332,"X":0.19,"Y":0.029,"Z":-1.003}
{"timestamps":1751533934.4449999332,"X":0.188,"Y":0.028,"Z":-0.998}
{"timestamps":1751533934.5069999695,"X":0.19,"Y":0.032,"Z":-1.0}
{"timestamps":1751533934.5069999695,"X":0.188,"Y":0.029,"Z":-1.001}
{"timestamps":1751533934.5069999695,"X":0.189,"Y":0.031,"Z":-1.0}
{"timestamps":1751533934.5659999847,"X":0.188,"Y":0.031,"Z":-1.001}
{"timestamps":1751533934.5659999847,"X":0.192,"Y":0.032,"Z":-1.001}
{"timestamps":1751533934.5659999847,"X":0.188,"Y":0.032,"Z":-1.002}
{"timestamps":1751533934.6259999275,"X":0.189,"Y":0.033,"Z":-1.001}
{"timestamps":1751533934.6259999275,"X":0.19,"Y":0.029,"Z":-1.003}
{"timestamps":1751533934.6259999275,"X":0.193,"Y":0.034,"Z":-0.998}
{"timestamps":1751533934.6840000153,"X":0.191,"Y":0.031,"Z":-1.001}
{"timestamps":1751533934.6840000153,"X":0.192,"Y":0.028,"Z":-1.002}
{"timestamps":1751533934.6840000153,"X":0.188,"Y":0.031,"Z":-0.999}
{"timestamps":1751533934.7320001125,"X":0.191,"Y":0.035,"Z":-1.001}
{"timestamps":1751533934.7320001125,"X":0.189,"Y":0.03,"Z":-1.002}
{"timestamps":1751533934.7320001125,"X":0.189,"Y":0.032,"Z":-1.001}
{"timestamps":1751533934.7890000343,"X":0.187,"Y":0.032,"Z":-1.003}
{"timestamps":1751533934.7890000343,"X":0.187,"Y":0.032,"Z":-1.004}
{"timestamps":1751533934.7890000343,"X":0.19,"Y":0.025,"Z":-1.001}
{"timestamps":1751533934.8529999256,"X":0.19,"Y":0.031,