{"timestamps":1751533950.0339999199,"X":-0.112,"Y":1.279,"Z":0.359}
{"timestamps":1751533950.0910000801,"X":-0.322,"Y":1.293,"Z":0.359}
{"timestamps":1751533950.0910000801,"X":-0.239,"Y":1.323,"Z":0.381}
{"timestamps":1751533950.0910000801,"X":-0.307,"Y":1.316,"Z":0.441}
{"timestamps":1751533950.1510000229,"X":-0.284,"Y":1.293,"Z":0.396}
{"timestamps":1751533950.1510000229,"X":-0.336,"Y":1.293,"Z":0.411}
{"timestamps":1751533950.1510000229,"X":-0.336,"Y":1.376,"Z":0.374}
{"timestamps":1751533950.1960000992,"X":-0.307,"Y":1.286,"Z":0.374}
{"timestamps":1751533950.1960000992,"X":-0.307,"Y":1.293,"Z":0.396}
{"timestamps":1751533950.1960000992,"X":-0.322,"Y":1.301,"Z":0.441}
{"timestamps":1751533950.2550001144,"X":-0.254,"Y":1.353,"Z":0.396}
{"timestamps":1751533950.2550001144,"X":-0.262,"Y":1.316,"Z":0.404}
{"timestamps":1751533950.2550001144,"X":-0.314,"Y":1.391,"Z":0.419}
{"timestamps":1751533950.3159999847,"X":-0.277,"Y":1.316,"Z":0.411}
{"timestamps":1751533950.3159999847,"X":-0.314,"Y":1.331,"Z":0.336}
{"timestamps":1751533950.3159999847,"X":-0.314,"Y":1.316,"Z":0.389}
{"timestamps":1751533950.375,"X":-0.299,"Y":1.279,"Z":0.389}
{"timestamps":1751533950.375,"X":-0.232,"Y":1.368,"Z":0.374}
{"timestamps":1751533950.375,"X":-0.366,"Y":1.308,"Z":0.344}
{"timestamps":1751533950.4489998817,"X":-0.277,"Y":1.368,"Z":0.351}
{"timestamps":1751533950.4489998817,"X":-0.247,"Y":1.383,"Z":0.366}
{"timestamps":1751533950.4489998817,"X":-0.299,"Y":1.338,"Z":0.366}
{"timestamps":1751533950.493999958,"X":-0.344,"Y":1.353,"Z":0.366}
{"timestamps":1751533950.493999958,"X":-0.284,"Y":1.368,"Z":0.366}
{"timestamps":1751533950.493999958,"X":-0.247,"Y":1.293,"Z":0.336}
{"timestamps":1751533950.5559999943,"X":-0.269,"Y":1.346,"Z":0.381}
{"timestamps":1751533950.5559999943,"X":-0.269,"Y":1.331,"Z":0.374}
{"timestamps":1751533950.5559999943,"X":-0.224,"Y":1.338,"Z":0.359}
{"timestamps":1751533950.6019999981,"X":-0.277,"Y":1.346,"Z":0.351}
{"timestamps":1751533950.6019999981,"X":-0.262,"Y":1.271,"Z":0.411}
{"timestamps":1751533950.6019999981,"X":-0.262,"Y":1.316,"Z":0.389}
{"timestamps":1751533950.6600000858,"X":-0.172,"Y":1.346,"Z":0.381}
{"timestamps":1751533950.6600000858,"X":-0.202,"Y":1.428,"Z":0.336}
{"timestamps":1751533950.6600000858,"X":-0.254,"Y":1.428,"Z":0.396}
{"timestamps":1751533950.7209999561,"X":-0.269,"Y":1.316,"Z":0.404}
{"timestamps":1751533950.7209999561,"X":-0.232,"Y":1.376,"Z":0.381}
{"timestamps":1751533950.7209999561,"X":-0.262,"Y":1.383,"Z":0.396}
{"timestamps":1751533950.7790000439,"X":-0.307,"Y":1.391,"Z":0.389}
{"timestamps":1751533950.7790000439,"X":-0.232,"Y":1.323,"Z":0.322}
{"timestamps":1751533950.7790000439,"X":-0.254,"Y":1.391,"Z":0.374}
{"timestamps":1751533950.8280000687,"X":-0.247,"Y":1.398,"Z":0.366}
{"timestamps":1751533950.8280000687,"X":-0.224,"Y":1.331,"Z":0.359}
{"timestamps":1751533950.8280000687,"X":-0.209,"Y":1.256,"Z":0.419}
{"timestamps":1751533950.8849999905,"X":-0.209,"Y":1.323,"Z":0.404}
{"timestamps":1751533950.8849999905,"X":-0.292,"Y":1.398,"Z":0.396}
{"timestamps":1751533950.8849999905,"X":-0.239,"Y":1.353,"Z":0.374}
{"timestamps":1751533950.9419999123,"X":-0.232,"Y":1.346,"Z":0.411}
{"timestamps":1751533950.9419999123,"X":-0.269,"Y":1.338,"Z":0.351}
{"timestamps":1751533950.9419999123,"X":-0.359,"Y":1.293,"Z":0.336}
{"timestamps":1751533951.0050001144,"X":-0.277,"Y":1.256,"Z":0.366}
{"timestamps":1751533951.0050001144,"X":-0.277,"Y":1.241,"Z":0.396}
{"timestamps":1751533951.0050001144,"X":-0.322,"Y":1.256,"Z":0.404}
{"timestamps":1751533951.0669999123,"X":-0.292,"Y":1.279,"Z":0.381}
{"timestamps":1751533951.0669999123,"X":-0.292,"Y":1.346,"Z":0.366}
{"timestamps":1751533951.0669999123,"X":-0.277,"Y":1.308,"Z":0.366}
{"timestamps":1751533951.1259999275,"X":-0.232,"Y":1.323,"Z":0.322}
{"timestamps":1751533951.1259999275,"X":-0.269,"Y":1.331,"Z":0.389}
{"timestamps":1751533951.1259999275,"X":-0.254,"Y":1.346,"Z":0.389}
{"timestamps":1751533951.1700000763,"X":-0.277,"Y":1.301,"Z":0.396}
{"timestamps":1751533951.1700000763,"X":-0.307,"Y":1.346,"Z":0.366}
{"timestamps":1751533951.1700000763,"X":-0.247,"Y":1.376,"Z":0.366}
{"timestamps":1751533951.2309999466,"X":-0.254,"Y":1.323,"Z":0.344}
{"timestamps":1751533951.2309999466,"X":-0.239,"Y":1.391,"Z":0.329}
{"timestamps":1751533951.2309999466,"X":-0.247,"Y":1.376,"Z":0.411}
{"timestamps":1751533951.2890000343,"X":-0.254,"Y":1.301,"Z":0.449}
{"timestamps":1751533951.2890000343,"X":-0.284,"Y":1.383,"Z":0.389}
{"timestamps":1751533951.2890000343,"X":-0.224,"Y":1.308,"Z":0.329}
{"timestamps":1751533951.3519999981,"X":-0.277,"Y":1.271,"Z":0.336}
{"timestamps":1751533951.3519999981,"X":-0.336,"Y":1.308,"Z":0.322}
{"timestamps":1751533951.3519999981,"X":-0.277,"Y":1.219,"Z":0.389}
{"timestamps":1751533951.4100000858,"X":-0.239,"Y":1.279,"Z":0.366}
{"timestamps":1751533951.4100000858,"X":-0.157,"Y":1.376,"Z":0.449}
{"timestamps":1751533951.4100000858,"X":-0.232,"Y":1.308,"Z":0.389}
{"timestamps":1751533951.4700000286,"X":-0.269,"Y":1.286,"Z":0.366}
{"timestamps":1751533951.4700000286,"X":-0.254,"Y":1.391,"Z":0.374}
{"timestamps":1751533951.4700000286,"X":-0.277,"Y":1.308,"Z":0.381}
{"timestamps":1751533951.5160000324,"X":-0.194,"Y":1.316,"Z":0.351}
{"timestamps":1751533951.5160000324,"X":-0.202,"Y":1.316,"Z":0.344}
{"timestamps":1751533951.5160000324,"X":-0.209,"Y":1.316,"Z":0.299}
{"timestamps":1751533951.5910000801,"X":-0.284,"Y":1.241,"Z":0.366}
{"timestamps":1751533951.5910000801,"X":-0.307,"Y":1.368,"Z":0.322}
{"timestamps":1751533951.5910000801,"X":-0.224,"Y":1.368,"Z":0.336}
{"timestamps":1751533951.635999918,"X":-0.284,"Y":1.398,"Z":0.381}
{"timestamps":1751533951.635999918,"X":-0.217,"Y":1.293,"Z":0.366}
{"timestamps":1751533951.635999918,"X":-0.209,"Y":1.293,"Z":0.336}
{"timestamps":1751533951.6930000782,"X":-0.247,"Y":1.346,"Z":0.351}
{"timestamps":1751533951.6930000782,"X":-0.277,"Y":1.279,"Z":0.351}
{"timestamps":1751533951.6930000782,"X":-0.209,"Y":1.331,"Z":0.299}
{"timestamps":1751533951.7520000935,"X":-0.329,"Y":1.323,"Z":0.374}
{"timestamps":1751533951.7520000935,"X":-0.322,"Y":1.368,"Z":0.456}
{"timestamps":1751533951.7520000935,"X":-0.351,"Y":1.316,"Z":0.404}
{"timestamps":1751533951.7969999313,"X":-0.381,"Y":1.353,"Z":0.396}
{"timestamps":1751533951.7969999313,"X":-0.314,"Y":1.286,"Z":0.322}
{"timestamps":1751533951.7969999313,"X":-0.179,"Y":1.383,"Z":0.329}
{"timestamps":1751533951.861000061,"X":-0.239,"Y":1.368,"Z":0.344}
{"timestamps":1751533951.861000061,"X":-0.314,"Y":1.346,"Z":0.329}
{"timestamps":1751533951.861000061,"X":-0.224,"Y":1.256,"Z":0.344}
{"timestamps":1751533951.9189999104,"X":-0.262,"Y":1.308,"Z":0.366}
{"timestamps":1751533951.9189999104,"X":-0.307,"Y":1.316,"Z":0.359}
{"timestamps":1751533951.9189999104,"X":-0.224,"Y":1.338,"Z":0.404}
{"timestamps":1751533951.9800000191,"X":-0.187,"Y":1.331,"Z":0.419}
{"timestamps":1751533951.9800000191,"X":-0.224,"Y":1.264,"Z":0.396}
{"timestamps":1751533951.9800000191,"X":-0.307,"Y":1.279,"Z":0.389}
{"timestamps":1751533952.0420000553,"X":-0.247,"Y":1.338,"Z":0.344}
{"timestamps":1751533952.0420000553,"X":-0.209,"Y":1.376,"Z":0.381}
{"timestamps":1751533952.0420000553,"X":-0.254,"Y":1.316,"Z":0.336}
{"timestamps":1751533952.1010000706,"X":-0.322,"Y":1.376,"Z":0.336}
{"timestamps":1751533952.1010000706,"X":-0.307,"Y":1.241,"Z":0.389}
{"timestamps":1751533952.1010000706,"X":-0.284,"Y":1.249,"Z":0.336}
{"timestamps":1751533952.1459999084,"X":-0.254,"Y":1.271,"Z":0.329}
{"timestamps":1751533952.1459999084,"X":-0.314,"Y":1.293,"Z":0.359}
{"timestamps":1751533952.1459999084,"X":-0.247,"Y":1.346,"Z":0.404}
{"timestamps":1751533952.2039999962,"X":-0.224,"Y":1.286,"Z":0.404}
{"timestamps":1751533952.2039999962,"X":-0.269,"Y":1.391,"Z":0.404}
{"timestamps":1751533952.2039999962,"X":-0.254,"Y":1.368,"Z":0.359}
{"timestamps":1751533952.2630000114,"X":-0.209,"Y":1.346,"Z":0.471}
{"timestamps":1751533952.2630000114,"X":-0.269,"Y":1.316,"Z":0.344}
{"timestamps":1751533952.2630000114,"X":-0.307,"Y":1.331,